{"cameraMode":{"drawMode":0,"name":"Shaded","section":"Shading Mode"},"sceneLighting":true,"audioPlay":false,"sceneViewState":{"showFog":true,"showMaterialUpdate":false,"showSkybox":true,"showFlares":true,"showImageEffects":true,"showParticleSystems":true},"in2DMode":false,"pivot":{"x":0.6422297358512878,"y":4.624222755432129,"z":-0.12575727701187135},"rotation":{"x":0.310703307390213,"y":0.0896463394165039,"z":-0.0294491034001112,"w":0.9458125233650208},"size":16.219221115112306,"orthographic":true}